obsID	x	y
Stuttgart_published.DG	4260716.625445665	2852189.926664926
